"unique_id","species","fluidigm_num","tray","run_by","scored_by","tissue","lod_applied","Arena1","arena2","ascv","Bafini_b","c_b_cys","ce_sha","Circo.virus","cov","ctv","de_sal","fa_mar","fl_psy","Hantavirus","hkg","ic_hof","ic_mul","IcD","ihnv","lo_sal","my_arc","my_ins","na_sal","ne_per","Nido2_a","pa_kab","pa_min","pa_pse","pa_ther","Picorna2_virus","pisck_sal","prv","pspv","Qin","reov","Rhabdo3_virus","rlo","Salmovirus","sch","smallUK","sp_des","te_bry","te_mar","toti","ven","vhsv","vi_ang","vi_sal"
"2019-0046-118-CC1","Sockeye","CC1",4010,"KK","KK","Gill",TRUE,0,0,0,NA,0,0,NA,0,0,0,0,34.57915505,NA,4.36e-10,0,0,NA,0,9.081934407,0,0,0,0,NA,0,0,0,0,NA,0,0,0,NA,0,NA,0,NA,0,0,0,0,0,0,0,0,0,0
"2019-0046-118-CC10","Sockeye","CC10",4010,"KK","KK","Gill",TRUE,0,0,0,NA,1347.639945,0,NA,0,0,0,0,805.1128333,NA,6.3e-40,0,0,NA,0,1234641.47,0,0,0,0,NA,0,0,0,0,NA,0,0,0,NA,0,NA,0,NA,0,0,0,0,0,0,0,0,0,0
"2019-0046-118-CC12","Sockeye","CC12",4010,"KK","KK","Gill",TRUE,0,0,0,NA,0,0,NA,0,0,0,0,16596.89982,NA,6.75e-28,0,0,NA,0,66210.69114,0,0,0,0,NA,0,0,0,0,NA,0,0,0,NA,0,NA,0,NA,0,0,0,0,0,0,0,0,0,0
"2019-0046-118-CC14","Sockeye","CC14",4010,"KK","KK","Gill",TRUE,0,0,0,NA,0,0,NA,0,0,0,0,3489.881637,NA,3.67e-33,0,0,NA,0,0,0,0,0,0,NA,0,0,0,0,NA,0,0,0,NA,0,NA,0,NA,0,0,0,0,0,0,0,0,0,0
"2019-0046-118-CC17","Sockeye","CC17",4010,"KK","KK","Gill",TRUE,0,0,0,NA,131086.4325,0,NA,0,0,0,0,2617.135157,NA,5.7e-21,0,0,NA,0,1993628.365,0,0,0,0,NA,0,0,0,0,NA,0,0,0,NA,0,NA,0,NA,0,0,0,0,0,0,0,0,0,0
"2019-0046-118-CC20","Sockeye","CC20",4010,"KK","KK","Gill",TRUE,0,0,0,NA,0,0,NA,0,0,0,0,12425.49382,NA,1.18e-34,330.5180974,0,NA,0,1345105.652,0,0,0,0,NA,0,0,0,0,NA,0,0,0,NA,0,NA,0,NA,0,0,0,0,0,0,0,0,0,0
"2019-0046-118-CC4","Sockeye","CC4",4010,"KK","KK","Gill",TRUE,0,0,0,NA,0,0,NA,0,0,0,0,2867.114563,NA,6.75e-14,0,0,NA,0,0,0,0,0,0,NA,4728.707739,0,0,0,NA,0,0,0,NA,0,NA,0,NA,0,0,0,0,0,0,0,0,0,0
"2019-0046-118-CC8","Sockeye","CC8",4010,"KK","KK","Gill",TRUE,0,0,0,NA,25418.02414,0,NA,0,0,0,0,781.7664592,NA,1.81e-45,0,0,NA,0,0,0,0,0,0,NA,0,0,0,0,NA,0,0,0,NA,0,NA,0,NA,0,0,0,0,0,0,0,0,0,0
"2019-0046-118-EW10","Sockeye","EW10",4010,"KK","KK","Gill",TRUE,0,0,0,NA,62.93474833,0,NA,0,0,0,0,45.85971924,NA,3.35e-22,0,0,NA,0,0,0,0,0,0,NA,0,0,0,0,NA,0,0,0,NA,0,NA,0,NA,0,0,0,0,0,0,0,0,0,0
"2019-0046-118-EW11","Sockeye","EW11",4010,"KK","KK","Gill",TRUE,0,0,0,NA,342401.8484,0,NA,0,0,0,0,127.3065065,NA,6.8e-37,0,0,NA,0,20.27533306,0,0,0,0,NA,0,41.31134336,0,0,NA,0,0,0,NA,0,NA,0,NA,0,0,0,0,0,0,0,0,0,0
"2019-0046-118-EW12","Sockeye","EW12",4010,"KK","KK","Gill",TRUE,0,0,0,NA,4113.45726,0,NA,0,0,0,0,33.47081665,NA,1.58e-38,0,0,NA,0,0,0,0,0,0,NA,0,0,0,0,NA,0,0,0,NA,0,NA,0,NA,0,0,85.435055,0,0,0,0,0,0,0
"2019-0046-118-EW15","Sockeye","EW15",4010,"KK","KK","Gill",TRUE,0,0,0,NA,208372.0549,0,NA,0,0,0,0,90.3650394,NA,4.28e-47,0,0,NA,0,0,0,0,0,0,NA,0,238.9944151,0,0,NA,0,0,0,NA,0,NA,0,NA,0,0,0,0,0,0,0,0,0,0
"2019-0046-118-EW16","Sockeye","EW16",4010,"KK","KK","Gill",TRUE,0,0,0,NA,61483.63047,0,NA,0,0,0,0,800.5116091,NA,1.33e-33,0,0,NA,0,3068.186215,0,0,0,0,NA,0,0,0,1260.976996,NA,0,0,0,NA,0,NA,0,NA,0,0,0,0,0,0,0,0,0,0
"2019-0046-118-EW2","Sockeye","EW2",4010,"KK","KK","Gill",TRUE,0,0,0,NA,92.80886284,0,NA,0,0,0,0,96.98587554,NA,53684.7942,0,0,NA,0,0,0,0,0,0,NA,0,0,0,0,NA,0,0,0,NA,0,NA,0,NA,0,0,0,0,0,0,0,0,0,0
"2019-0046-118-EW21","Sockeye","EW21",4010,"KK","KK","Gill",TRUE,0,0,0,NA,27782.43217,0,NA,0,0,0,0,78.25412881,NA,2.66e-07,0,0,NA,0,0,0,0,0,0,NA,0,17.50033035,337.1771094,0,NA,0,0,0,NA,0,NA,0,NA,0,0,0,0,0,0,0,0,0,0
"2019-0046-118-EW7","Sockeye","EW7",4010,"KK","KK","Gill",TRUE,0,0,0,NA,862.0968492,0,NA,0,0,0,0,2530.796194,NA,5.91e-47,0,0,NA,0,0,0,0,0,0,NA,0,0,0,0,NA,0,0,0,NA,0,NA,0,NA,0,0,0,0,0,0,0,0,0,0
"2019-0046-118-GK1","Sockeye","GK1",4010,"KK","KK","Gill",TRUE,0,0,0,NA,308024.108,0,NA,0,0,0,0,8370.844509,NA,1.99e-41,0,0,NA,0,0,0,0,0,0,NA,0,0,0,0,NA,0,0,0,NA,0,NA,0,NA,0,0,0,0,0,0,0,0,0,0
"2019-0046-118-GK10","Sockeye","GK10",4010,"KK","KK","Gill",TRUE,0,0,0,NA,537645.5411,0,NA,0,0,0,0,1409.046446,NA,3.41e-41,0,0,NA,0,0,0,0,0,0,NA,0,0,0,0,NA,0,0,0,NA,0,NA,0,NA,0,0,0,78946.66224,0,0,0,0,0,0
"2019-0046-118-GK11","Sockeye","GK11",4010,"KK","KK","Gill",TRUE,0,0,0,NA,1081400.749,0,NA,0,0,16.80916846,0,69160.88962,NA,3.2e-49,0,92.29906126,NA,16.01319519,1613959.089,0,0,0,0,NA,0,0,0,0,NA,0,0,0,NA,0,NA,0,NA,0,0,0,0,0,0,0,0,0,0
"2019-0046-118-GK12","Sockeye","GK12",4010,"KK","KK","Gill",TRUE,0,0,0,NA,1888923.657,0,NA,0,0,0,0,873304.5819,NA,3.57e-39,0,51.87569454,NA,766.1371179,0,0,0,0,0,NA,0,6.176247598,0,0,NA,0,0,0,NA,0,NA,0,NA,0,0,0,0,0,0,0,0,0,0
"2019-0046-118-GK14","Sockeye","GK14",4010,"KK","KK","Gill",TRUE,0,0,0,NA,2218996.181,0,NA,0,0,0,0,1701291.84,NA,1.06e-47,0,140.2464604,NA,490.4981131,50905.56153,0,0,0,0,NA,0,0,169491.3995,0,NA,0,0,0,NA,0,NA,0,NA,0,0,0,2528.145322,0,0,0,0,0,0
"2019-0046-118-GK15","Sockeye","GK15",4010,"KK","KK","Gill",TRUE,0,0,0,NA,5213162.994,0,NA,0,0,0,0,174226.6237,NA,1.57e-42,0,0,NA,17745.68973,6757282.834,0,0,0,0,NA,0,0,342.7624345,0,NA,0,0,0,NA,0,NA,0,NA,0,0,0,0,0,0,0,0,0,0
"2019-0046-118-GK16","Sockeye","GK16",4010,"KK","KK","Gill",TRUE,0,0,0,NA,1544896.291,0,NA,0,0,0,0,4436270.344,NA,9.5e-48,0,0,NA,32613865.24,0,0,0,0,0,NA,0,0,0,0,NA,0,0,0,NA,0,NA,0,NA,0,0,0,459.9337015,0,0,0,0,0,0
"2019-0046-118-GK17","Sockeye","GK17",4010,"KK","KK","Gill",TRUE,0,0,0,NA,4252210.649,0,NA,0,0,0,0,311223.551,NA,1.12e-39,0,0,NA,18298630.27,28958.7726,0,0,0,0,NA,0,0,1953.494606,0,NA,0,0,0,NA,0,NA,0,NA,0,0,0,3918.493847,0,0,0,0,0,0
"2019-0046-118-GK18","Sockeye","GK18",4010,"KK","KK","Gill",TRUE,0,0,0,NA,1422295.276,0,NA,0,0,0,0,7672.937162,NA,3.67e-42,0,0,NA,219.7906812,22132.76379,0,0,0,0,NA,0,0,0,0,NA,0,0,0,NA,0,NA,0,NA,0,0,0,0,0,0,0,0,0,0
"2019-0046-118-GK19","Sockeye","GK19",4010,"KK","KK","Gill",TRUE,0,0,0,NA,2353338.199,0,NA,0,0,0,0,3937.8288,NA,1.17e-44,0,0,NA,15.26687952,305.5816025,0,0,0,0,NA,0,0,0,0,NA,0,0,0,NA,0,NA,0,NA,0,0,0,0,0,0,0,0,0,0
"2019-0046-118-GK2","Sockeye","GK2",4010,"KK","KK","Gill",TRUE,0,0,0,NA,97789.84521,0,NA,0,0,0,0,20765.79581,NA,1.78e-39,0,0,NA,0,393.4007308,0,0,0,0,NA,0,0,0,0,NA,0,0,0,NA,0,NA,0,NA,0,0,0,1513.222061,0,0,0,0,0,0
"2019-0046-118-GK3","Sockeye","GK3",4010,"KK","KK","Gill",TRUE,0,0,0,NA,180563.1278,0,NA,0,0,0,0,11223.17956,NA,3.97e-36,0,0,NA,0,0,0,0,0,0,NA,0,0,0,0,NA,0,0,0,NA,0,NA,0,NA,0,0,0,25985.28482,0,0,0,0,0,0
"2019-0046-118-GK4","Sockeye","GK4",4010,"KK","KK","Gill",TRUE,0,0,0,NA,1004868.686,0,NA,0,0,0,0,3720.209758,NA,5.77e-43,0,0,NA,0,0,0,0,0,0,NA,0,0,0,0,NA,0,0,0,NA,0,NA,0,NA,0,0,0,119785.6363,0,0,0,0,0,0
"2019-0046-118-GK7","Sockeye","GK7",4010,"KK","KK","Gill",TRUE,0,0,0,NA,89859.07354,0,NA,0,0,0,0,663.6528493,NA,1.13e-38,0,0,NA,37.96462753,0,0,0,0,0,NA,0,0,0,0,NA,0,0,0,NA,0,NA,0,NA,0,0,0,0,0,0,0,0,0,0
"2019-0046-118-GK8","Sockeye","GK8",4010,"KK","KK","Gill",TRUE,0,0,0,NA,3613956.111,0,NA,0,0,0,0,49594.00446,NA,3.05e-43,0,0,NA,0,156460.4559,0,0,0,0,NA,0,0,0,0,NA,0,0,0,NA,0,NA,0,NA,0,0,0,8132.343603,0,0,0,0,0,0
"2019-0046-118-GK9","Sockeye","GK9",4010,"KK","KK","Gill",TRUE,0,0,0,NA,657796.0703,0,NA,0,0,0,0,6374.894851,NA,4.04e-39,0,0,NA,0,4231043.436,0,0,0,0,NA,0,0,0,0,NA,0,0,0,NA,0,NA,0,NA,0,0,0,54610.31604,0,0,0,0,0,0
"2019-0046-118-LL10","Sockeye","LL10",4010,"KK","KK","Gill",TRUE,0,0,0,NA,4975.341497,0,NA,0,0,0,0,1869.37192,NA,1.79e-38,0,0,NA,0,0,0,0,0,0,NA,0,0,0,0,NA,0,0,0,NA,0,NA,0,NA,0,0,0,2896.562428,0,0,0,0,0,0
"2019-0046-118-LL2","Sockeye","LL2",4010,"KK","KK","Gill",TRUE,0,0,0,NA,39064.41333,0,NA,0,0,0,0,4580.908954,NA,6.35e-44,0,0,NA,0,0,0,0,0,0,NA,0,0,26.11761637,0,NA,0,0,0,NA,0,NA,0,NA,0,0,0,0,0,0,0,0,0,0
"2019-0046-118-LL3","Sockeye","LL3",4010,"KK","KK","Gill",TRUE,0,0,0,NA,164789.0585,0,NA,0,0,0,0,230.5541197,NA,3.23e-37,0,0,NA,0,77.58910181,0,0,0,0,NA,0,0,0,0,NA,0,0,0,NA,0,NA,0,NA,0,0,0,1934.471301,0,0,0,0,0,0
"2019-0046-118-LL4","Sockeye","LL4",4010,"KK","KK","Gill",TRUE,0,0,0,NA,18850.62657,0,NA,0,0,0,0,712.5208771,NA,3.51e-46,0,0,NA,0,9.88354093,0,0,0,0,NA,0,0,0,0,NA,0,0,0,NA,0,NA,0,NA,0,0,0,0,0,0,0,0,0,0
"2019-0046-118-LL5","Sockeye","LL5",4010,"KK","KK","Gill",TRUE,0,0,0,NA,31257.86519,0,NA,0,0,0,0,872.9234804,NA,1.13e-41,0,0,NA,0,0,0,0,0,0,NA,0,0,0,0,NA,0,0,0,NA,0,NA,0,NA,0,0,0,0,0,0,0,0,0,0
"2019-0046-118-LL6","Sockeye","LL6",4010,"KK","KK","Gill",TRUE,0,0,0,NA,2724.663566,0,NA,0,0,0,0,2106.860829,NA,2.67e-48,0,0,NA,-999,0,0,0,0,0,NA,0,0,0,0,NA,0,0,0,NA,0,NA,0,NA,0,0,0,1774.839045,0,0,0,0,0,0
"2019-0046-118-LL8","Sockeye","LL8",4010,"KK","KK","Gill",TRUE,0,0,0,NA,124128.6662,0,NA,0,0,0,0,1663012.132,NA,4.36e-42,0,0,NA,0,34.2100807,0,0,0,0,NA,0,0,0,0,NA,0,0,0,NA,0,NA,0,NA,0,0,0,0,0,0,0,0,0,0
"2019-0046-118-LL9","Sockeye","LL9",4010,"KK","KK","Gill",TRUE,0,0,0,NA,2046.402192,0,NA,0,0,0,0,5920.916002,NA,3.99e-38,0,0,NA,0,0,0,0,0,0,NA,0,0,0,0,NA,0,0,0,NA,0,NA,0,NA,0,0,0,0,0,0,0,0,0,0
"2019-0046-118-MA1","Sockeye","MA1",4010,"KK","KK","Gill",TRUE,0,0,0,NA,916738.2809,0,NA,0,0,0,0,101722.2948,NA,1.77e-37,0,0,NA,149073.4016,0,0,0,0,0,NA,0,0,0,0,NA,0,0,0,NA,0,NA,0,NA,0,0,47489.42386,0,0,0,0,0,0,0
"2019-0046-118-MA10","Sockeye","MA10",4010,"KK","KK","Gill",TRUE,0,0,0,NA,7964476.562,0,NA,0,0,0,0,271319.2254,NA,1.27e-52,0,0,NA,732.7487243,74024.11677,0,0,0,0,NA,0,0,0,0,NA,0,0,0,NA,0,NA,0,NA,0,0,9789.043584,0,0,0,0,0,0,0
"2019-0046-118-MA2","Sockeye","MA2",4010,"KK","KK","Gill",TRUE,0,0,0,NA,191588.7352,0,NA,0,0,0,0,24484.16025,NA,1.2e-40,0,0,NA,2691.451555,0,0,0,0,0,NA,0,12.40466809,0,0,NA,0,0,0,NA,0,NA,0,NA,0,0,925.1840592,3792.580456,0,0,0,0,0,0
"2019-0046-118-MA4","Sockeye","MA4",4010,"KK","KK","Gill",TRUE,0,0,0,NA,756640.9241,0,NA,0,0,0,0,5286.280438,NA,1.24e-49,0,0,NA,29.92573903,0,0,0,0,0,NA,0,0,0,0,NA,0,0,0,NA,0,NA,0,NA,0,0,253.9884923,0,0,0,0,0,0,0
"2019-0046-118-MA5","Sockeye","MA5",4010,"KK","KK","Gill",TRUE,0,0,0,NA,470208.9052,0,NA,0,0,0,0,43622.8894,NA,1.07e-36,0,0,NA,9.985335361,315.0420066,0,0,0,0,NA,0,0,0,0,NA,0,0,0,NA,0,NA,0,NA,0,0,351.0218481,0,0,0,0,0,0,0
"2019-0046-118-MA7","Sockeye","MA7",4010,"KK","KK","Gill",TRUE,0,0,0,NA,5023864.067,0,NA,0,0,0,0,1101730.236,NA,1.11e-48,0,38.28562006,NA,21739.85479,0,0,0,0,0,NA,0,0,0,0,NA,0,0,0,NA,0,NA,0,NA,0,0,5106.623648,0,0,0,0,0,0,0
"2019-0046-118-MA8","Sockeye","MA8",4010,"KK","KK","Gill",TRUE,0,0,0,NA,4705713.623,0,NA,0,0,0,0,57870.93256,NA,5.05e-45,0,0,NA,6447.006247,0,0,0,0,0,NA,0,0,0,0,NA,0,0,0,NA,0,NA,0,NA,0,0,63.65365642,0,0,0,0,0,0,0
"2019-0046-118-MA9","Sockeye","MA9",4010,"KK","KK","Gill",TRUE,0,0,0,NA,3426169.239,0,NA,0,0,0,0,29745415,NA,2.55e-53,0,10304.48551,NA,1497163.327,869.1956258,0,0,0,0,NA,0,0,0,0,NA,0,0,0,NA,0,NA,0,NA,0,0,0,0,0,0,0,0,0,0
"2019-0046-118-MN1","Sockeye","MN1",4010,"KK","KK","Gill",TRUE,0,0,0,NA,1092479.01,0,NA,0,0,0,0,151644.2477,NA,2.95e-39,0,0,NA,0,0,0,0,0,0,NA,0,0,0,0,NA,0,0,0,NA,0,NA,0,NA,0,0,0,0,0,0,0,0,0,0
"2019-0046-118-MN10","Sockeye","MN10",4010,"KK","KK","Gill",TRUE,0,0,0,NA,184593.8553,0,NA,0,0,0,0,34733.31135,NA,7.3e-35,0,0,NA,28380.98918,294.2698849,0,0,0,0,NA,0,0,0,0,NA,0,0,0,NA,0,NA,0,NA,0,0,0,0,0,0,0,0,0,0
"2019-0046-118-MN2","Sockeye","MN2",4010,"KK","KK","Gill",TRUE,0,0,0,NA,167536.3863,0,NA,0,0,0,0,345798.2668,NA,8.1e-36,0,0,NA,11030.84188,0,0,0,0,0,NA,0,0,0,0,NA,0,0,0,NA,0,NA,0,NA,0,0,0,0,0,0,0,0,0,0
"2019-0046-118-MN3","Sockeye","MN3",4010,"KK","KK","Gill",TRUE,0,0,0,NA,1153874.991,0,NA,0,0,0,0,926827.3636,NA,6.75e-40,0,0,NA,7896.215153,0,0,0,0,0,NA,0,0,0,0,NA,0,0,0,NA,0,NA,0,NA,0,0,0,0,0,0,0,0,0,0
"2019-0046-118-MN5","Sockeye","MN5",4010,"KK","KK","Gill",TRUE,0,0,0,NA,769683.5149,0,NA,0,0,0,0,13060.72489,NA,7.25e-45,0,0,NA,-999,97.48834177,0,0,0,0,NA,0,0,0,0,NA,0,0,0,NA,0,NA,0,NA,0,0,0,0,0,0,0,0,0,0
"2019-0046-118-MN6","Sockeye","MN6",4010,"KK","KK","Gill",TRUE,0,0,0,NA,2100.526139,0,NA,0,0,0,0,406.6407707,NA,200621485.9,0,0,NA,0,0,0,0,0,0,NA,0,0,0,0,NA,0,0,0,NA,0,NA,0,NA,0,0,0,0,0,0,0,0,0,0
"2019-0046-118-MN7","Sockeye","MN7",4010,"KK","KK","Gill",TRUE,0,0,0,NA,19563.76119,0,NA,0,0,0,0,4513.576927,NA,1.86e-37,0,0,NA,0,0,0,0,0,0,NA,0,0,0,0,NA,0,0,0,NA,0,NA,0,NA,0,0,0,0,0,0,0,0,0,0
"2019-0046-118-MN9","Sockeye","MN9",4010,"KK","KK","Gill",TRUE,0,0,0,NA,2259451.032,0,NA,0,0,0,0,79041.39622,NA,5.9e-36,0,0,NA,1963.052012,0,0,0,0,0,NA,0,0,0,0,NA,0,0,0,NA,0,NA,0,NA,0,0,0,0,0,0,0,0,0,0
"2019-0046-118-PC10","Sockeye","PCL10",4010,"KK","KK","Gill",TRUE,0,0,0,NA,2303209.367,0,NA,0,0,0,0,1080014.468,NA,1.06e-49,0,0,NA,0,24.14406662,0,0,0,0,NA,0,11581770.41,0,0,NA,0,0,0,NA,0,NA,0,NA,6.220343367,0,0,0,0,0,0,0,0,0
"2019-0046-118-PC11","Sockeye","PCL11",4010,"KK","KK","Gill",TRUE,0,0,0,NA,1429679.689,0,NA,0,0,0,0,269408.2719,NA,6.15e-48,0,0,NA,0,0,0,0,0,0,NA,0,14141.18321,0,0,NA,0,0,0,NA,0,NA,0,NA,0,0,0,0,0,0,0,0,0,0
"2019-0046-118-PC15","Sockeye","PCL15",4010,"KK","KK","Gill",TRUE,0,0,0,NA,319482.0611,0,NA,0,0,0,0,686718.5416,NA,6.05e-51,0,0,NA,0,15306.42799,0,0,0,0,NA,0,348038.8808,0,0,NA,0,0,0,NA,0,NA,0,NA,0,0,0,0,0,0,0,0,0,0
"2019-0046-118-PC18","Sockeye","PCL18",4010,"KK","KK","Gill",TRUE,0,0,0,NA,38190.13367,0,NA,0,0,0,0,134518.9962,NA,3.77e-42,0,0,NA,0,2521020.184,0,0,0,0,NA,0,0,0,0,NA,0,0,0,NA,0,NA,0,NA,0,0,0,0,0,0,0,0,0,0
"2019-0046-118-PC19","Sockeye","PCL19",4010,"KK","KK","Gill",TRUE,0,0,0,NA,169271.8295,0,NA,0,0,0,0,4753577.342,NA,7.02e-48,0,311.6188504,NA,23.07377629,0,0,0,0,0,NA,0,7847355.75,0,0,NA,0,0,0,NA,0,NA,0,NA,0,0,0,0,0,0,0,0,0,0
"2019-0046-118-PC5","Sockeye","PCL5",4010,"KK","KK","Gill",TRUE,0,0,0,NA,147097.2746,0,NA,0,0,0,0,2175784.84,NA,9.35e-46,0,0,NA,2282.146437,15.23958157,0,0,0,0,NA,0,31813350.55,0,0,NA,0,0,0,NA,0,NA,0,NA,0,0,15.48431819,0,0,0,0,0,0,0
"2019-0046-118-PC6","Sockeye","PCL6",4010,"KK","KK","Gill",TRUE,0,0,0,NA,1295499.186,0,NA,0,0,0,0,2243075.77,NA,1.31e-45,0,0,NA,0,12120.12545,0,0,0,0,NA,0,18494776.89,0,0,NA,0,0,0,NA,0,NA,0,NA,0,0,7192.369586,0,0,0,0,0,0,0
"2019-0046-118-PC9","Sockeye","PCL9",4010,"KK","KK","Gill",TRUE,0,0,0,NA,1492500.76,0,NA,0,0,0,0,20556265.46,NA,1.46e-46,0,57.6023,NA,7655.015329,0,0,0,0,0,NA,0,1605.330888,0,0,NA,0,0,0,NA,0,NA,0,NA,0,0,0,0,0,0,0,0,0,0
"2019-0046-118-SA1","Sockeye","SA1",4010,"KK","KK","Gill",TRUE,0,0,0,NA,5627857.257,0,NA,0,0,0,0,2563772.957,NA,8.9e-40,0,205.9152588,NA,289.204983,2799524.173,0,0,0,0,NA,0,0,1388.946418,0,NA,0,0,0,NA,0,NA,0,NA,0,0,835.7360477,0,0,0,0,0,0,0
"2019-0046-118-SA10","Sockeye","SA10",4010,"KK","KK","Gill",TRUE,0,0,0,NA,3565581.4,0,NA,0,0,0,0,11440.65029,NA,2.75e-53,0,0,NA,0,0,0,0,0,0,NA,0,0,0,0,NA,0,0,0,NA,0,NA,0,NA,0,0,447.3944929,0,0,0,0,0,0,0
"2019-0046-118-SA2","Sockeye","SA2",4010,"KK","KK","Gill",TRUE,0,0,0,NA,4317133.49,0,NA,0,0,0,0,22707091.37,NA,1.68e-55,0,44050.49583,NA,8331484.708,5441.418464,0,0,0,0,NA,0,145.2557608,39.17907263,0,NA,0,0,0,NA,0,NA,0,NA,0,0,14299.45974,0,0,0,0,0,0,0
"2019-0046-118-SA4","Sockeye","SA4",4010,"KK","KK","Gill",TRUE,0,0,0,NA,1438294.349,0,NA,0,0,0,0,3637435.37,NA,3.59e-45,0,266.580092,NA,42139.19149,119.6382999,0,0,0,0,NA,0,0,0,0,NA,0,0,0,NA,0,NA,0,NA,0,0,6229.714742,0,0,0,0,0,0,0
"2019-0046-118-SA5","Sockeye","SA5",4010,"KK","KK","Gill",TRUE,0,0,0,NA,1637866.171,0,NA,0,0,0,0,32472.42697,NA,2.03e-54,0,100.8484082,NA,17144.23433,0,0,0,0,0,NA,0,0,0,0,NA,0,0,0,NA,0,NA,0,NA,0,0,4230.916363,0,0,0,0,0,0,0
"2019-0046-118-SA6","Sockeye","SA6",4010,"KK","KK","Gill",TRUE,0,0,0,NA,8925508.818,0,NA,0,0,0,0,84727.98829,NA,1.39e-42,0,0,NA,0,1885769.998,0,0,0,0,NA,0,0,0,0,NA,0,0,0,NA,0,NA,0,NA,0,0,0,0,0,0,0,0,0,0
"2019-0046-118-SA7","Sockeye","SA7",4010,"KK","KK","Gill",TRUE,0,0,0,NA,390829.8092,0,NA,0,0,0,0,579277.2899,NA,1.88e-43,0,0,NA,3527.096927,0,0,0,0,0,NA,0,0,0,0,NA,0,0,0,NA,0,NA,0,NA,0,0,0,0,0,0,0,0,0,0
"2019-0046-118-SA8","Sockeye","SA8",4010,"KK","KK","Gill",TRUE,0,0,0,NA,2730468.176,0,NA,0,0,0,0,35110.27581,NA,1.22e-46,0,0,NA,980.8670267,138.2991615,0,0,0,0,NA,0,0,0,0,NA,0,0,0,NA,0,NA,0,NA,0,0,625.5969977,0,0,0,0,0,0,0
"2019-0046-118-TNL1","Sockeye","TNL1",4010,"KK","KK","Gill",TRUE,0,0,0,NA,5211063.385,0,NA,0,0,0,0,2535.760195,NA,1.05e-39,0,0,NA,0,0,0,0,0,0,NA,0,0,0,0,NA,0,0,0,NA,0,NA,0,NA,0,0,0,0,0,0,0,0,0,0
"2019-0046-118-TNL10","Sockeye","TNL10",4010,"KK","KK","Gill",TRUE,0,0,0,NA,1086828.828,0,NA,0,0,0,0,8553.175255,NA,4.83e-40,0,0,NA,0,4041180.735,0,0,0,0,NA,0,0,0,0,NA,0,0,0,NA,0,NA,0,NA,0,0,0,0,0,0,0,0,0,0
"2019-0046-118-TNL2","Sockeye","TNL2",4010,"KK","KK","Gill",TRUE,0,0,0,NA,515558.6714,0,NA,0,0,0,0,0,NA,7.05e-41,0,0,NA,0,6022.941792,0,0,0,0,NA,0,0,0,0,NA,0,0,0,NA,0,NA,0,NA,0,0,0,0,0,0,0,0,0,0
"2019-0046-118-TNL3","Sockeye","TNL3",4010,"KK","KK","Gill",TRUE,0,0,0,NA,3274429.241,0,NA,0,0,28.56675504,0,2123.497106,NA,6.95e-38,0,0,NA,0,0,0,0,0,0,NA,0,0,659.3063892,0,NA,0,0,0,NA,0,NA,0,NA,0,0,0,299.6701948,0,0,0,0,0,0
"2019-0046-118-TNL5","Sockeye","TNL5",4010,"KK","KK","Gill",TRUE,0,0,0,NA,471187.0735,0,NA,0,0,0,0,1021.363246,NA,3.31e-36,0,0,NA,0,1104318.114,0,0,0,0,NA,0,24.98583143,0,0,NA,0,0,0,NA,0,NA,0,NA,0,0,0,0,0,0,0,0,0,0
"2019-0046-118-TNL6","Sockeye","TNL6",4010,"KK","KK","Gill",TRUE,0,0,0,NA,904033.8706,0,NA,0,0,8.913916416,0,1199.263896,NA,5.75e-44,0,0,NA,0,1021184.559,0,0,0,0,NA,0,0,0,0,NA,0,0,0,NA,0,NA,0,NA,0,0,0,537.1851404,0,0,0,0,0,0
"2019-0046-118-TNL7","Sockeye","TNL7",4010,"KK","KK","Gill",TRUE,0,0,0,NA,1568424.328,0,NA,0,0,0,0,1683.453188,NA,1.31e-30,0,0,NA,3269.168008,0,0,0,0,0,NA,0,0,0,0,NA,0,0,0,NA,0,NA,0,NA,0,0,0,0,0,0,0,0,0,0
"2019-0046-118-TNL9","Sockeye","TNL9",4010,"KK","KK","Gill",TRUE,0,0,0,NA,1419746.106,0,NA,0,0,0,0.6879286175,14797.89899,NA,3.18e-40,0,0,NA,57.17286088,200.5759949,0,0,0,0,NA,0,0,0,0,NA,0,0,0,NA,0,NA,0,NA,0,0,265.4251346,0,0,0,0,0,0,0
